kode_kabkota,nama_kabkota,provinsi,provinsi_analisis,kode_prov_analisis,pulau,kota,ipm,jml_miskin,lon,lat
93.01,Merauke,Papua Selatan,Papua,91,Papua,False,72.19,24.03,139.9952,-7.88
65.02,Malinau,Kalimantan Utara,Kalimantan Utara,65,Kalimantan,False,73.19,5.95,115.6972,2.626
64.08,Kutai Timur,Kalimantan Timur,Kalimantan Timur,64,Kalimantan,False,74.98,37.04,117.0111,0.944
61.06,Kapuas Hulu,Kalimantan Barat,Kalimantan Barat,61,Kalimantan,False,67.67,22.59,112.7957,0.828
61.04,Ketapang,Kalimantan Barat,Kalimantan Barat,61,Kalimantan,False,68.68,49.95,110.4627,-1.6735
91.20,Mamberamo Raya,Papua,Papua,91,Papua,False,54.08,7.56,137.7289,-2.436
64.02,Kutai Kartanegara,Kalimantan Timur,Kalimantan Timur,64,Kalimantan,False,75.3,60.86,116.1518,0.1955
93.04,Asmat,Papua Selatan,Papua,91,Papua,False,53.19,25.58,138.7985,-5.5465
93.03,Mappi,Papua Selatan,Papua,91,Papua,False,60.57,26.82,139.2875,-6.3295
62.12,Murung Raya,Kalimantan Tengah,Kalimantan Tengah,62,Kalimantan,False,69.42,7.81,114.1251,-0.041
93.02,Boven Digoel,Papua Selatan,Papua,91,Papua,False,63.46,14.25,140.4299,-6.0395
61.05,Sintang,Kalimantan Barat,Kalimantan Barat,61,Kalimantan,False,68.67,35.49,111.5662,0.1925
64.03,Berau,Kalimantan Timur,Kalimantan Timur,64,Kalimantan,False,76.21,13.26,117.2689,1.77
62.06,Katingan,Kalimantan Tengah,Kalimantan Tengah,62,Kalimantan,False,70.28,8.95,113.3406,-1.8725
92.06,Teluk Bintuni,Papua Barat,Papua Barat,92,Papua,False,66.0,19.82,133.1521,-2.187
94.04,Mimika,Papua Tengah,Papua,91,Papua,False,75.91,30.31,136.956,-4.6045
64.11,Mahakam Ulu,Kalimantan Timur,Kalimantan Timur,64,Kalimantan,False,69.59,3.06,115.3109,0.628
16.02,Ogan Komering Ilir,Sumatera Selatan,Sumatera Selatan,16,Sumatera,False,68.65,114.48,105.3947,-3.3275
62.03,Kapuas,Kalimantan Tengah,Kalimantan Tengah,62,Kalimantan,False,70.75,19.19,114.3368,-1.923
92.08,Kaimana,Papua Barat,Papua Barat,92,Papua,False,66.72,9.9,134.3176,-3.5205
62.02,Kotawaringin Timur,Kalimantan Tengah,Kalimantan Tengah,62,Kalimantan,False,72.21,26.57,112.7897,-2.232
95.02,Pegunungan Bintang,Papua Pegunungan,Papua,91,Papua,False,48.18,23.32,140.5212,-4.5115
62.07,Seruyan,Kalimantan Tengah,Kalimantan Tengah,62,Kalimantan,False,68.68,15.71,112.1659,-2.113
95.03,Yahukimo,Papua Pegunungan,Papua,91,Papua,False,51.19,72.14,139.3998,-4.4615
16.06,Musi Banyuasin,Sumatera Selatan,Sumatera Selatan,16,Sumatera,False,69.17,101.63,103.7075,-2.4905
91.03,Jayapura,Papua,Papua,91,Papua,False,73.5,14.91,139.9489,-3.0405
91.10,Sarmi,Papua,Papua,91,Papua,False,65.8,5.45,139.2368,-2.5555
65.01,Bulungan,Kalimantan Utara,Kalimantan Utara,65,Kalimantan,False,72.72,12.19,117.0712,2.76
64.07,Kutai Barat,Kalimantan Timur,Kalimantan Timur,64,Kalimantan,False,73.72,14.69,115.7443,-0.4175
65.03,Nunukan,Kalimantan Utara,Kalimantan Utara,65,Kalimantan,False,67.7,11.88,116.9861,3.9035
14.04,Indragiri Hilir,Riau,Riau,14,Sumatera,False,67.98,40.86,103.2272,-0.28
14.05,Pelalawan,Riau,Riau,14,Sumatera,False,73.59,45.3,102.2184,0.1685
61.03,Sanggau,Kalimantan Barat,Kalimantan Barat,61,Kalimantan,False,67.77,23.34,110.5486,0.3565
16.07,Banyuasin,Sumatera Selatan,Sumatera Selatan,16,Sumatera,False,68.65,85.88,105.0132,-2.399
91.04,Nabire,Papua Tengah,Papua,91,Papua,False,70.84,34.83,135.8602,-3.3225
92.09,Tambrauw,Papua Barat Daya,Papua Barat,92,Papua,False,55.55,5.13,132.8542,-0.8465
91.15,Waropen,Papua,Papua,91,Papua,False,66.46,9.86,136.7329,-2.797
64.01,Paser,Kalimantan Timur,Kalimantan Timur,64,Kalimantan,False,74.14,26.39,116.016,-1.6905
14.01,Kampar,Riau,Riau,14,Sumatera,False,74.24,63.84,101.1182,0.291
61.10,Melawi,Kalimantan Barat,Kalimantan Barat,61,Kalimantan,False,67.76,24.18,111.6564,-0.7245
62.05,Barito Utara,Kalimantan Tengah,Kalimantan Tengah,62,Kalimantan,False,71.84,7.14,115.0442,-0.755
92.03,Fak Fak,Papua Barat,Papua Barat,92,Papua,False,69.72,17.84,133.0896,-3.274
62.11,Pulang Pisau,Kalimantan Tengah,Kalimantan Tengah,62,Kalimantan,False,69.6,5.92,114.0424,-2.4625
62.01,Kotawaringin Barat,Kalimantan Tengah,Kalimantan Tengah,62,Kalimantan,False,74.04,13.44,111.6542,-2.5025
63.02,Kotabaru,Kalimantan Selatan,Kalimantan Selatan,63,Kalimantan,False,70.18,15.32,115.9734,-2.784
62.10,Gunung Mas,Kalimantan Tengah,Kalimantan Tengah,62,Kalimantan,False,72.09,6.55,113.5579,-0.9795
14.07,Rokan Hilir,Riau,Riau,14,Sumatera,False,70.78,53.04,100.7041,1.893
91.11,Keerom,Papua,Papua,91,Papua,False,68.08,9.32,140.6783,-3.4095
72.12,Morowali Utara,Sulawesi Tengah,Sulawesi Tengah,72,Sulawesi,False,69.73,17.66,121.1198,-1.842
14.03,Bengkalis,Riau,Riau,14,Sumatera,False,74.97,36.1,101.5699,1.288
61.12,Kubu Raya,Kalimantan Barat,Kalimantan Barat,61,Kalimantan,False,69.6,25.33,109.5295,-0.3365
61.08,Landak,Kalimantan Barat,Kalimantan Barat,61,Kalimantan,False,68.14,38.92,109.7062,0.503
72.01,Banggai,Sulawesi Tengah,Sulawesi Tengah,72,Sulawesi,False,71.7,27.38,122.3157,-1.0915
81.01,Maluku Tengah,Maluku,Maluku,81,Maluku,False,72.45,67.22,129.4699,-3.12
92.01,Sorong,Papua Barat Daya,Papua Barat,92,Papua,False,67.49,26.27,131.5441,-1.1315
14.02,Indragiri Hulu,Riau,Riau,14,Sumatera,False,71.04,27.4,102.3005,-0.4955
82.04,Halmahera Selatan,Maluku Utara,Maluku Utara,82,Maluku,False,65.83,13.65,127.714,-1.5245
14.08,Siak,Riau,Riau,14,Sumatera,False,74.98,26.99,101.8505,0.8145
81.07,Kepulauan Aru,Maluku,Maluku,81,Maluku,False,65.01,23.13,134.5167,-6.15
62.09,Lamandau,Kalimantan Tengah,Kalimantan Tengah,62,Kalimantan,False,71.81,2.63,111.4202,-1.7785
14.06,Rokan Hulu,Riau,Riau,14,Sumatera,False,71.02,74.38,100.4566,0.9035
72.02,Poso,Sulawesi Tengah,Sulawesi Tengah,72,Sulawesi,False,72.48,41.48,120.5356,-1.663
15.02,Merangin,Jambi,Jambi,15,Sumatera,False,70.81,35.19,102.1146,-2.211
73.22,Luwu Utara,Sulawesi Selatan,Sulawesi Selatan,73,Sulawesi,False,71.34,40.79,120.132,-2.4335
53.11,Sumba Timur,Nusa Tenggara Timur,Nusa Tenggara Timur,53,Bali & Nusa Tenggara,False,67.05,75.66,120.1633,-9.8035
92.05,Raja Ampat,Papua Barat Daya,Papua Barat,92,Papua,False,65.26,8.51,130.0739,-1.8685
16.03,Muara Enim,Sumatera Selatan,Sumatera Selatan,16,Sumatera,False,70.24,73.24,103.9684,-3.84
73.24,Luwu Timur,Sulawesi Selatan,Sulawesi Selatan,73,Sulawesi,False,74.35,21.57,121.0864,-2.513
94.05,Puncak,Papua Tengah,Papua,91,Papua,False,44.59,42.01,137.4879,-3.6235
52.04,Sumbawa,Nusa Tenggara Barat,Nusa Tenggara Barat,52,Bali & Nusa Tenggara,False,69.87,67.4,117.4913,-8.735
92.04,Sorong Selatan,Papua Barat Daya,Papua Barat,92,Papua,False,63.94,9.35,132.151,-1.6615
94.07,Intan Jaya,Papua Tengah,Papua,91,Papua,False,50.19,21.16,136.7192,-3.5255
12.13,Mandailing Natal,Sumatera Utara,Sumatera Utara,12,Sumatera,False,68.56,41.04,99.4396,0.787
82.06,Halmahera Timur,Maluku Utara,Maluku Utara,82,Maluku,False,68.82,12.59,128.2676,1.023
62.04,Barito Selatan,Kalimantan Tengah,Kalimantan Tengah,62,Kalimantan,False,71.65,6.66,114.7798,-1.946
95.08,Nduga,Papua Pegunungan,Papua,91,Papua,False,35.19,43.27,138.2607,-4.42
12.05,Langkat,Sumatera Utara,Sumatera Utara,12,Sumatera,False,72.21,98.16,98.1709,3.7565
16.05,Musi Rawas,Sumatera Selatan,Sumatera Selatan,16,Sumatera,False,68.26,59.75,103.2196,-3.1735
15.09,Tebo,Jambi,Jambi,15,Sumatera,False,70.63,23.47,102.4195,-1.389
13.01,Pesisir Selatan,Sumatera Barat,Sumatera Barat,13,Sumatera,False,71.44,35.09,100.9389,-1.752
61.09,Sekadau,Kalimantan Barat,Kalimantan Barat,61,Kalimantan,False,66.33,12.09,110.9418,0.0365
94.02,Puncak Jaya,Papua Tengah,Papua,91,Papua,False,50.81,47.5,137.8738,-3.443
16.13,Musi Rawas Utara,Sumatera Selatan,Sumatera Selatan,16,Sumatera,False,66.6,36.68,102.7317,-2.72
15.03,Sarolangun,Jambi,Jambi,15,Sumatera,False,71.29,26.77,102.6301,-2.3285
61.01,Sambas,Kalimantan Barat,Kalimantan Barat,61,Kalimantan,False,68.69,38.71,109.4042,1.521
13.09,Kepulauan Mentawai,Sumatera Barat,Sumatera Barat,13,Sumatera,False,63.13,13.76,98.8811,-1.337
72.08,Parigi Moutong,Sulawesi Tengah,Sulawesi Tengah,72,Sulawesi,False,67.11,77.18,119.9654,-0.224
81.05,Seram Bagian Timur,Maluku,Maluku,81,Maluku,False,65.82,24.26,130.3912,-3.416
11.13,Gayo Lues,Aceh,Aceh,11,Sumatera,False,68.93,18.24,97.3352,3.979
72.09,Tojo Una Una,Sulawesi Tengah,Sulawesi Tengah,72,Sulawesi,False,66.39,26.51,121.64,-1.222
61.07,Bengkayang,Kalimantan Barat,Kalimantan Barat,61,Kalimantan,False,69.53,16.87,109.7779,1.0355
14.09,Kuantan Singingi,Riau,Riau,14,Sumatera,False,71.67,26.1,101.489,-0.493
15.04,Batanghari,Jambi,Jambi,15,Sumatera,False,71.02,25.88,103.0086,-1.8545
11.03,Aceh Timur,Aceh,Aceh,11,Sumatera,False,69.32,60.63,97.6435,4.694
92.10,Maybrat,Papua Barat Daya,Papua Barat,92,Papua,False,61.29,13.57,132.5683,-1.405
74.02,Konawe,Sulawesi Tenggara,Sulawesi Tenggara,74,Sulawesi,False,72.77,33.09,121.6525,-3.522
15.05,Muaro Jambi,Jambi,Jambi,15,Sumatera,False,71.04,20.83,103.8009,-1.704
72.10,Sigi,Sulawesi Tengah,Sulawesi Tengah,72,Sulawesi,False,69.93,31.47,119.9303,-1.4635
53.01,Kupang,Nusa Tenggara Timur,Nusa Tenggara Timur,53,Bali & Nusa Tenggara,False,65.82,90.23,123.8775,-9.8385
91.08,Paniai,Papua Tengah,Papua,91,Papua,False,57.91,61.14,136.3818,-3.7455
72.03,Donggala,Sulawesi Tengah,Sulawesi Tengah,72,Sulawesi,False,66.95,50.37,119.6751,-1.043
15.07,Tanjung Jabung Timur,Jambi,Jambi,15,Sumatera,False,66.65,23.33,103.8782,-1.2725
15.06,Tanjung Jabung Barat,Jambi,Jambi,15,Sumatera,False,69.35,33.61,103.0684,-1.089
81.06,Seram Bagian Barat,Maluku,Maluku,81,Maluku,False,67.56,38.87,128.4896,-3.2
76.02,Mamuju,Sulawesi Barat,Sulawesi Barat,76,Sulawesi,False,69.61,23.5,119.3932,-2.554
81.04,Buru,Maluku,Maluku,81,Maluku,False,70.56,25.19,126.7237,-3.3635
63.10,Tanah Bumbu,Kalimantan Selatan,Kalimantan Selatan,63,Kalimantan,False,72.31,17.17,115.7035,-3.422
92.07,Teluk Wondama,Papua Barat,Papua Barat,92,Papua,False,61.67,10.24,134.5669,-2.635
15.08,Bungo,Jambi,Jambi,15,Sumatera,False,71.06,20.65,101.984,-1.5165
12.08,Simalungun,Sumatera Utara,Sumatera Utara,12,Sumatera,False,74.29,69.21,98.9958,2.9435
63.03,Banjar,Kalimantan Selatan,Kalimantan Selatan,63,Kalimantan,False,71.46,14.77,115.0286,-3.286
73.08,Bone,Sulawesi Selatan,Sulawesi Selatan,73,Sulawesi,False,67.81,80.12,120.0996,-4.6715
18.02,Lampung Tengah,Lampung,Lampung,18,Sumatera,False,71.6,140.29,105.3258,-4.876
81.08,Maluku Barat Daya,Maluku,Maluku,81,Maluku,False,63.93,21.23,126.2403,-7.7905
17.03,Bengkulu Utara,Bengkulu,Bengkulu,17,Sumatera,False,70.28,35.26,101.8576,-3.1885
11.04,Aceh Tengah,Aceh,Aceh,11,Sumatera,False,74.6,31.68,96.9635,4.566
94.06,Dogiyai,Papua Tengah,Papua,91,Papua,False,56.7,29.32,135.6562,-4.0365
72.06,Morowali,Sulawesi Tengah,Sulawesi Tengah,72,Sulawesi,False,73.02,15.75,121.876,-2.7085
16.09,Ogan Komering Ulu Selatan,Sumatera Selatan,Sumatera Selatan,16,Sumatera,False,66.67,39.3,103.946,-4.5745
81.03,Kepulauan Tanimbar,Maluku,Maluku,81,Maluku,False,64.16,27.64,131.4179,-7.5795
75.04,Pohuwato,Gorontalo,Gorontalo,75,Sulawesi,False,67.15,29.39,121.6495,0.704
16.04,Lahat,Sumatera Selatan,Sumatera Selatan,16,Sumatera,False,69.1,63.36,103.416,-3.8775
12.03,Tapanuli Selatan,Sumatera Utara,Sumatera Utara,12,Sumatera,False,71.55,20.09,99.2187,1.552
52.06,Bima,Nusa Tenggara Barat,Nusa Tenggara Barat,52,Bali & Nusa Tenggara,False,68.28,74.74,118.7591,-8.5615
74.05,Konawe Selatan,Sulawesi Tenggara,Sulawesi Tenggara,74,Sulawesi,False,70.32,36.84,122.4554,-4.251
32.02,Sukabumi,Jawa Barat,Jawa Barat,32,Jawa,False,68.49,178.71,106.7337,-7.0795
74.09,Konawe Utara,Sulawesi Tenggara,Sulawesi Tenggara,74,Sulawesi,False,71.71,9.01,121.9768,-3.4475
11.02,Aceh Tenggara,Aceh,Aceh,11,Sumatera,False,71.05,27.96,97.7372,3.3515
11.01,Aceh Selatan,Aceh,Aceh,11,Sumatera,False,68.44,30.36,97.4649,3.078
17.06,Muko Muko,Bengkulu,Bengkulu,17,Sumatera,False,69.97,20.7,101.5533,-2.702
61.11,Kayong Utara,Kalimantan Barat,Kalimantan Barat,61,Kalimantan,False,64.79,10.77,110.0463,-1.0385
74.11,Kolaka Timur,Sulawesi Tenggara,Sulawesi Tenggara,74,Sulawesi,False,69.57,20.41,121.7546,-3.825
53.02,Timor Tengah Selatan,Nusa Tenggara Timur,Nusa Tenggara Timur,53,Bali & Nusa Tenggara,False,63.58,119.51,124.439,-9.818
12.20,Padang Lawas Utara,Sumatera Utara,Sumatera Utara,12,Sumatera,False,71.63,26.17,99.7944,1.627
12.21,Padang Lawas,Sumatera Utara,Sumatera Utara,12,Sumatera,False,70.34,24.51,99.8195,1.155
13.08,Pasaman,Sumatera Barat,Sumatera Barat,13,Sumatera,False,68.13,19.99,100.0227,0.3985
12.02,Tapanuli Utara,Sumatera Utara,Sumatera Utara,12,Sumatera,False,74.65,26.39,99.0652,2.026
11.14,Aceh Jaya,Aceh,Aceh,11,Sumatera,False,70.88,12.22,95.701,4.8125
18.07,Lampung Timur,Lampung,Lampung,18,Sumatera,False,71.21,148.26,105.5994,-5.115
63.01,Tanah Laut,Kalimantan Selatan,Kalimantan Selatan,63,Kalimantan,False,70.98,13.22,114.9873,-3.839
13.12,Pasaman Barat,Sumatera Barat,Sumatera Barat,13,Sumatera,False,70.19,33.52,99.7223,0.187
12.09,Asahan,Sumatera Utara,Sumatera Utara,12,Sumatera,False,71.56,61.69,99.6091,2.834
16.01,Ogan Komering Ulu,Sumatera Selatan,Sumatera Selatan,16,Sumatera,False,71.01,44.11,104.009,-4.1035
95.04,Tolikara,Papua Pegunungan,Papua,91,Papua,False,51.48,48.4,138.4501,-3.461
95.06,Yalimo,Papua Pegunungan,Papua,91,Papua,False,50.87,21.67,139.4049,-3.8325
72.05,Buol,Sulawesi Tengah,Sulawesi Tengah,72,Sulawesi,False,69.57,23.13,121.5416,0.996
12.23,Labuhanbatu Utara,Sumatera Utara,Sumatera Utara,12,Sumatera,False,73.63,34.13,99.7678,2.4315
72.04,Toli Toli,Sulawesi Tengah,Sulawesi Tengah,72,Sulawesi,False,67.66,31.13,120.8748,0.972
81.09,Buru Selatan,Maluku,Maluku,81,Maluku,False,66.23,9.77,126.3515,-3.4895
32.03,Cianjur,Jawa Barat,Jawa Barat,32,Jawa,False,66.55,240.06,107.0686,-7.0535
35.10,Banyuwangi,Jawa Timur,Jawa Timur,35,Jawa,False,72.61,119.52,114.1423,-8.3215
14.10,Kepulauan Meranti,Riau,Riau,14,Sumatera,False,67.28,43.82,102.7238,0.8405
35.07,Malang,Jawa Timur,Jawa Timur,35,Jawa,False,72.16,251.36,112.6883,-8.099
13.02,Solok,Sumatera Barat,Sumatera Barat,13,Sumatera,False,70.63,27.33,100.8068,-0.9265
19.03,Bangka Selatan,Kepulauan Bangka Belitung,Kepulauan Bangka Belitung,19,Sumatera,False,68.51,6.66,106.2898,-2.7635
18.08,Way Kanan,Lampung,Lampung,18,Sumatera,False,68.63,51.26,104.5203,-4.569
11.15,Nagan Raya,Aceh,Aceh,11,Sumatera,False,70.78,29.78,96.5206,4.1765
63.09,Tabalong,Kalimantan Selatan,Kalimantan Selatan,63,Kalimantan,False,73.85,15.15,115.518,-1.842
65.04,Tana Tidung,Kalimantan Utara,Kalimantan Utara,65,Kalimantan,False,69.2,1.47,116.9416,3.5425
15.01,Kerinci,Jambi,Jambi,15,Sumatera,False,72.54,18.21,101.5998,-2.056
16.08,Ogan Komering Ulu Timur,Sumatera Selatan,Sumatera Selatan,16,Sumatera,False,70.96,69.91,104.5569,-4.149
82.03,Halmahera Utara,Maluku Utara,Maluku Utara,82,Maluku,False,69.05,9.18,127.8802,1.5355
95.05,Mamberamo Tengah,Papua Pegunungan,Papua,91,Papua,False,50.22,19.83,139.0786,-3.566
13.07,Lima Puluh Kota,Sumatera Barat,Sumatera Barat,13,Sumatera,False,70.7,27.02,100.5825,0.0155
35.09,Jember,Jawa Timur,Jawa Timur,35,Jawa,False,68.64,236.46,113.6349,-8.2485
36.02,Lebak,Banten,Banten,36,Jawa,False,65.21,114.54,106.1869,-6.645
62.08,Sukamara,Kalimantan Tengah,Kalimantan Tengah,62,Kalimantan,False,69.44,2.71,111.1772,-2.5365
92.12,Pegunungan Arfak,Papua Barat,Papua Barat,92,Papua,False,57.82,11.71,133.6475,-1.254
71.01,Bolaang Mongondow,Sulawesi Utara,Sulawesi Utara,71,Sulawesi,False,69.62,19.02,123.9875,0.72
74.06,Bombana,Sulawesi Tenggara,Sulawesi Tenggara,74,Sulawesi,False,67.43,20.52,121.7568,-4.6355
13.11,Solok Selatan,Sumatera Barat,Sumatera Barat,13,Sumatera,False,70.58,11.91,101.2608,-1.358
64.09,Penajam Paser Utara,Kalimantan Timur,Kalimantan Timur,64,Kalimantan,False,73.3,11.19,116.5685,-1.193
11.07,Pidie,Aceh,Aceh,11,Sumatera,False,71.66,86.79,95.9422,5.1205
13.03,Sijunjung,Sumatera Barat,Sumatera Barat,13,Sumatera,False,69.65,15.02,101.0684,-0.654
62.13,Barito Timur,Kalimantan Tengah,Kalimantan Tengah,62,Kalimantan,False,72.7,8.59,115.1778,-2.0065
32.05,Garut,Jawa Barat,Jawa Barat,32,Jawa,False,68.11,260.48,107.7033,-7.3435
32.01,Bogor,Jawa Barat,Jawa Barat,32,Jawa,False,71.78,453.76,106.7921,-6.5345
18.05,Tulang Bawang,Lampung,Lampung,18,Sumatera,False,70.02,37.83,105.5531,-4.396
53.15,Manggarai Barat,Nusa Tenggara Timur,Nusa Tenggara Timur,53,Bali & Nusa Tenggara,False,65.81,49.95,120.0614,-8.578
12.22,Labuhanbatu Selatan,Sumatera Utara,Sumatera Utara,12,Sumatera,False,72.82,29.83,100.0796,1.848
76.03,Mamasa,Sulawesi Barat,Sulawesi Barat,76,Sulawesi,False,67.83,23.58,119.3229,-3.0045
19.01,Bangka,Kepulauan Bangka Belitung,Kepulauan Bangka Belitung,19,Sumatera,False,73.66,14.87,105.9392,-1.919
18.06,Tanggamus,Lampung,Lampung,18,Sumatera,False,67.86,65.18,104.7754,-5.516
82.08,Pulau Taliabu,Maluku Utara,Maluku Utara,82,Maluku,False,62.31,4.03,124.8308,-1.8205
74.01,Kolaka,Sulawesi Tenggara,Sulawesi Tenggara,74,Sulawesi,False,74.72,32.96,121.6913,-4.1255
18.13,Pesisir Barat,Lampung,Lampung,18,Sumatera,False,66.0,21.45,104.1789,-5.359
53.05,Alor,Nusa Tenggara Timur,Nusa Tenggara Timur,53,Bali & Nusa Tenggara,False,62.99,41.91,124.7746,-8.293
74.08,Kolaka Utara,Sulawesi Tenggara,Sulawesi Tenggara,74,Sulawesi,False,71.04,21.79,121.0982,-3.2595
13.10,Dharmasraya,Sumatera Barat,Sumatera Barat,13,Sumatera,False,73.04,15.49,101.5896,-1.25
73.17,Luwu,Sulawesi Selatan,Sulawesi Selatan,73,Sulawesi,False,72.16,47.67,120.2178,-3.336
76.01,Pasangkayu,Sulawesi Barat,Sulawesi Barat,76,Sulawesi,False,69.11,8.94,119.3795,-1.343
11.06,Aceh Besar,Aceh,Aceh,11,Sumatera,False,74.53,58.94,95.4967,5.3515
19.05,Bangka Barat,Kepulauan Bangka Belitung,Kepulauan Bangka Belitung,19,Sumatera,False,70.45,5.91,105.5441,-1.8505
62.71,Kota Palangkaraya,Kalimantan Tengah,Kalimantan Tengah,62,Kalimantan,True,81.68,10.31,113.7134,-1.964
11.05,Aceh Barat,Aceh,Aceh,11,Sumatera,False,72.88,38.84,96.1836,4.4335
12.10,Labuhanbatu,Sumatera Utara,Sumatera Utara,12,Sumatera,False,73.69,42.58,100.1879,2.2695
36.01,Pandeglang,Banten,Banten,36,Jawa,False,66.42,114.23,105.7976,-6.548
92.02,Manokwari,Papua Barat,Papua Barat,92,Papua,False,73.21,33.35,133.7581,-0.9895
76.06,Mamuju Tengah,Sulawesi Barat,Sulawesi Barat,76,Sulawesi,False,67.45,10.39,119.5314,-2.0205
32.06,Tasikmalaya,Jawa Barat,Jawa Barat,32,Jawa,False,67.76,186.87,108.0691,-7.4305
11.08,Aceh Utara,Aceh,Aceh,11,Sumatera,False,70.87,106.77,97.1634,4.9985
18.03,Lampung Utara,Lampung,Lampung,18,Sumatera,False,68.95,107.21,104.8701,-4.789
53.03,Timor Tengah Utara,Nusa Tenggara Timur,Nusa Tenggara Timur,53,Bali & Nusa Tenggara,False,65.16,57.19,124.6073,-9.345
73.13,Wajo,Sulawesi Selatan,Sulawesi Selatan,73,Sulawesi,False,71.1,27.54,120.1267,-3.954
17.04,Kaur,Bengkulu,Bengkulu,17,Sumatera,False,68.38,22.45,103.3662,-4.586
95.01,Jayawijaya,Papua Pegunungan,Papua,91,Papua,False,60.5,73.42,138.9442,-4.109
12.07,Deli Serdang,Sumatera Utara,Sumatera Utara,12,Sumatera,False,76.52,82.75,98.7156,3.469
91.28,Deiyai,Papua Tengah,Papua,91,Papua,False,51.18,30.18,136.3674,-4.1905
19.06,Belitung Timur,Kepulauan Bangka Belitung,Kepulauan Bangka Belitung,19,Sumatera,False,72.86,8.89,108.0037,-2.9215
12.14,Nias Selatan,Sumatera Utara,Sumatera Utara,12,Sumatera,False,64.12,54.29,98.6847,0.129
17.05,Seluma,Bengkulu,Bengkulu,17,Sumatera,False,68.27,36.32,102.6774,-4.083
63.04,Barito Kuala,Kalimantan Selatan,Kalimantan Selatan,63,Kalimantan,False,68.11,14.71,114.6771,-3.0225
53.19,Manggarai Timur,Nusa Tenggara Timur,Nusa Tenggara Timur,53,Bali & Nusa Tenggara,False,63.24,74.4,120.6936,-8.5845
91.05,Kepulauan Yapen,Papua,Papua,91,Papua,False,69.11,26.03,136.3518,-1.7545
72.07,Banggai Kepulauan,Sulawesi Tengah,Sulawesi Tengah,72,Sulawesi,False,66.82,15.5,123.3495,-1.4075
12.16,Humbang Hasundutan,Sumatera Utara,Sumatera Utara,12,Sumatera,False,70.75,17.14,98.6035,2.241
82.07,Pulau Morotai,Maluku Utara,Maluku Utara,82,Maluku,False,64.73,3.81,128.4428,2.3145
35.22,Bojonegoro,Jawa Timur,Jawa Timur,35,Jawa,False,70.85,153.25,111.8163,-7.227
33.01,Cilacap,Jawa Tengah,Jawa Tengah,33,Jawa,False,71.83,191.0,108.8173,-7.441
12.01,Tapanuli Tengah,Sumatera Utara,Sumatera Utara,12,Sumatera,False,70.91,47.09,98.6953,1.854
16.10,Ogan Ilir,Sumatera Selatan,Sumatera Selatan,16,Sumatera,False,68.76,59.33,104.6427,-3.416
52.05,Dompu,Nusa Tenggara Barat,Nusa Tenggara Barat,52,Bali & Nusa Tenggara,False,69.98,34.38,118.3262,-8.51
12.12,Toba,Sumatera Utara,Sumatera Utara,12,Sumatera,False,76.38,14.94,99.2557,2.3735
95.07,Lanny Jaya,Papua Pegunungan,Papua,91,Papua,False,50.56,76.43,138.3496,-3.992
82.02,Halmahera Tengah,Maluku Utara,Maluku Utara,82,Maluku,False,67.48,6.74,128.5783,0.3915
19.04,Bangka Tengah,Kepulauan Bangka Belitung,Kepulauan Bangka Belitung,19,Sumatera,False,71.71,10.58,106.1032,-2.4345
13.06,Agam,Sumatera Barat,Sumatera Barat,13,Sumatera,False,73.98,33.41,100.1685,-0.253
16.11,Empat Lawang,Sumatera Selatan,Sumatera Selatan,16,Sumatera,False,66.68,30.78,102.9334,-3.714
19.02,Belitung,Kepulauan Bangka Belitung,Kepulauan Bangka Belitung,19,Sumatera,False,74.02,12.51,107.6624,-2.883
82.01,Halmahera Barat,Maluku Utara,Maluku Utara,82,Maluku,False,66.91,10.53,127.5722,1.3575
12.06,Karo,Sumatera Utara,Sumatera Utara,12,Sumatera,False,75.98,35.65,98.3318,3.0825
18.01,Lampung Selatan,Lampung,Lampung,18,Sumatera,False,69.63,133.67,105.5138,-5.548
18.11,Mesuji,Lampung,Lampung,18,Sumatera,False,65.64,13.71,105.3777,-3.9765
11.16,Aceh Tamiang,Aceh,Aceh,11,Sumatera,False,71.35,38.37,97.9119,4.205
91.06,Biak Numfor,Papua,Papua,91,Papua,False,73.46,35.7,135.9437,-0.9495
32.13,Subang,Jawa Barat,Jawa Barat,32,Jawa,False,70.7,152.33,107.7363,-6.495
75.01,Gorontalo,Gorontalo,Gorontalo,75,Sulawesi,False,69.09,65.88,122.7229,0.7015
63.05,Tapin,Kalimantan Selatan,Kalimantan Selatan,63,Kalimantan,False,72.0,6.22,115.0083,-2.862
18.04,Lampung Barat,Lampung,Lampung,18,Sumatera,False,69.11,34.73,104.2998,-5.109
53.08,Ende,Nusa Tenggara Timur,Nusa Tenggara Timur,53,Bali & Nusa Tenggara,False,68.63,63.1,121.6908,-8.6785
32.12,Indramayu,Jawa Barat,Jawa Barat,32,Jawa,False,69.25,214.74,108.1759,-6.4435
12.11,Dairi,Sumatera Utara,Sumatera Utara,12,Sumatera,False,73.27,21.42,98.309,2.835
76.04,Polewali Mandar,Sulawesi Barat,Sulawesi Barat,76,Sulawesi,False,65.59,71.92,119.1408,-3.3
14.72,Kota Dumai,Riau,Riau,14,Sumatera,True,75.66,10.15,101.231,1.8635
73.18,Tana Toraja,Sulawesi Selatan,Sulawesi Selatan,73,Sulawesi,False,70.73,30.23,119.7664,-3.065
33.15,Grobogan,Jawa Tengah,Jawa Tengah,33,Jawa,False,71.49,162.52,110.8986,-7.1085
12.18,Serdang Bedagai,Sumatera Utara,Sumatera Utara,12,Sumatera,False,71.75,45.88,99.0652,3.3465
21.04,Lingga,Kepulauan Riau,Kepulauan Riau,21,Sumatera,False,67.44,10.18,104.4168,-0.5135
35.23,Tuban,Jawa Timur,Jawa Timur,35,Jawa,False,70.34,177.25,111.8997,-6.962
35.29,Sumenep,Jawa Timur,Jawa Timur,35,Jawa,False,68.61,206.1,113.8438,-6.99
33.16,Blora,Jawa Tengah,Jawa Tengah,33,Jawa,False,70.63,99.61,111.4193,-7.119
32.15,Karawang,Jawa Barat,Jawa Barat,32,Jawa,False,72.35,187.23,107.4281,-6.2615
61.02,Mempawah,Kalimantan Barat,Kalimantan Barat,61,Kalimantan,False,67.92,14.15,109.0969,0.341
33.12,Wonogiri,Jawa Tengah,Jawa Tengah,33,Jawa,False,71.97,104.82,110.952,-7.961
11.17,Bener Meriah,Aceh,Aceh,11,Sumatera,False,74.49,28.19,96.9762,4.7725
21.03,Natuna,Kepulauan Riau,Kepulauan Riau,21,Sumatera,False,74.21,4.3,108.1978,3.9235
73.15,Pinrang,Sulawesi Selatan,Sulawesi Selatan,73,Sulawesi,False,72.84,34.23,119.6015,-3.654
75.03,Bone Bolango,Gorontalo,Gorontalo,75,Sulawesi,False,71.51,24.72,123.308,0.5605
11.12,Aceh Barat Daya,Aceh,Aceh,11,Sumatera,False,68.07,24.31,96.8498,3.835
74.03,Muna,Sulawesi Tenggara,Sulawesi Tenggara,74,Sulawesi,False,70.16,32.24,122.702,-4.923
12.17,Samosir,Sumatera Utara,Sumatera Utara,12,Sumatera,False,72.08,14.86,98.7351,2.574
16.12,Penukal Abab Lematang Ilir,Sumatera Selatan,Sumatera Selatan,16,Sumatera,False,66.64,21.72,104.0111,-3.195
92.11,Manokwari Selatan,Papua Barat,Papua Barat,92,Papua,False,61.55,7.69,134.0707,-1.5235
73.14,Sidenreng Rappang,Sulawesi Selatan,Sulawesi Selatan,73,Sulawesi,False,72.71,15.75,120.0161,-3.807
63.11,Balangan,Kalimantan Selatan,Kalimantan Selatan,63,Kalimantan,False,70.49,7.07,115.6206,-2.2865
75.02,Boalemo,Gorontalo,Gorontalo,75,Sulawesi,False,68.18,31.94,122.339,0.6835
11.10,Aceh Singkil,Aceh,Aceh,11,Sumatera,False,70.14,24.62,97.9394,2.354
73.06,Gowa,Sulawesi Selatan,Sulawesi Selatan,73,Sulawesi,False,71.57,59.1,119.7685,-5.336
35.08,Lumajang,Jawa Timur,Jawa Timur,35,Jawa,False,67.87,93.82,113.1459,-8.134
53.17,Sumba Tengah,Nusa Tenggara Timur,Nusa Tenggara Timur,53,Bali & Nusa Tenggara,False,63.48,24.24,119.669,-9.5865
73.16,Enrekang,Sulawesi Selatan,Sulawesi Selatan,73,Sulawesi,False,73.89,26.97,119.8831,-3.5305
11.11,Bireuen,Aceh,Aceh,11,Sumatera,False,73.63,59.21,96.5936,5.079
35.05,Blitar,Jawa Timur,Jawa Timur,35,Jawa,False,72.49,101.94,112.2862,-8.135
11.09,Simeulue,Aceh,Aceh,11,Sumatera,False,68.06,17.62,96.0224,2.629
71.11,Bolaang Mongondow Selatan,Sulawesi Utara,Sulawesi Utara,71,Sulawesi,False,66.4,8.28,124.1866,0.454
82.05,Kepulauan Sula,Maluku Utara,Maluku Utara,82,Maluku,False,65.29,8.45,125.8291,-1.865
35.24,Lamongan,Jawa Timur,Jawa Timur,35,Jawa,False,74.53,149.94,112.3276,-7.123
53.06,Flores Timur,Nusa Tenggara Timur,Nusa Tenggara Timur,53,Bali & Nusa Tenggara,False,65.79,30.93,123.1616,-8.336
33.29,Brebes,Jawa Tengah,Jawa Tengah,33,Jawa,False,67.95,286.14,108.8885,-7.0525
32.04,Bandung,Jawa Barat,Jawa Barat,32,Jawa,False,73.74,245.49,107.6327,-7.064
52.07,Sumbawa Barat,Nusa Tenggara Barat,Nusa Tenggara Barat,52,Bali & Nusa Tenggara,False,73.17,21.77,116.9417,-8.8145
53.09,Ngada,Nusa Tenggara Timur,Nusa Tenggara Timur,53,Bali & Nusa Tenggara,False,69.14,20.57,120.9965,-8.656
74.10,Buton Utara,Sulawesi Tenggara,Sulawesi Tenggara,74,Sulawesi,False,69.7,9.09,122.9581,-4.7565
35.13,Probolinggo,Jawa Timur,Jawa Timur,35,Jawa,False,67.79,205.02,113.3029,-7.865
63.06,Hulu Sungai Selatan,Kalimantan Selatan,Kalimantan Selatan,63,Kalimantan,False,70.5,9.61,115.1623,-2.7185
82.72,Kota Tidore Kepulauan,Maluku Utara,Maluku Utara,82,Maluku,True,72.4,6.48,127.7098,0.385
75.05,Gorontalo Utara,Gorontalo,Gorontalo,75,Sulawesi,False,66.61,19.17,123.0531,0.8645
53.07,Sikka,Nusa Tenggara Timur,Nusa Tenggara Timur,53,Bali & Nusa Tenggara,False,66.89,40.81,122.0916,-8.583
74.04,Buton,Sulawesi Tenggara,Sulawesi Tenggara,74,Sulawesi,False,68.12,14.15,122.953,-5.3575
35.12,Situbondo,Jawa Timur,Jawa Timur,35,Jawa,False,69.16,82.62,114.2659,-7.7985
17.07,Lebong,Bengkulu,Bengkulu,17,Sumatera,False,68.71,13.23,102.2071,-3.05
71.08,Bolaang Mongondow Utara,Sulawesi Utara,Sulawesi Utara,71,Sulawesi,False,68.64,6.56,123.4853,0.7635
52.03,Lombok Timur,Nusa Tenggara Barat,Nusa Tenggara Barat,52,Bali & Nusa Tenggara,False,68.41,197.63,116.5115,-8.5815
32.07,Ciamis,Jawa Barat,Jawa Barat,32,Jawa,False,72.05,90.84,108.4096,-7.318
35.06,Kediri,Jawa Timur,Jawa Timur,35,Jawa,False,73.96,171.18,112.0642,-7.807
33.18,Pati,Jawa Tengah,Jawa Tengah,33,Jawa,False,73.59,118.18,111.0849,-6.697
32.11,Sumedang,Jawa Barat,Jawa Barat,32,Jawa,False,73.18,111.39,107.9576,-6.8115
63.07,Hulu Sungai Tengah,Kalimantan Selatan,Kalimantan Selatan,63,Kalimantan,False,70.13,16.01,115.4321,-2.6245
35.11,Bondowoso,Jawa Timur,Jawa Timur,35,Jawa,False,67.99,105.13,113.8809,-7.95
17.02,Rejang Lebong,Bengkulu,Bengkulu,17,Sumatera,False,72.31,41.18,102.7028,-3.44
35.14,Pasuruan,Jawa Timur,Jawa Timur,35,Jawa,False,70.29,154.09,112.8195,-7.7555
34.03,Gunungkidul,Daerah Istimewa Yogyakarta,Daerah Istimewa Yogyakarta,34,Jawa,False,71.24,122.24,110.5577,-7.989
36.04,Serang,Banten,Banten,36,Jawa,False,68.39,73.83,105.9884,-6.105
71.05,Minahasa Selatan,Sulawesi Utara,Sulawesi Utara,71,Sulawesi,False,73.66,18.9,124.4349,1.0725
73.09,Maros,Sulawesi Selatan,Sulawesi Selatan,73,Sulawesi,False,71.63,34.96,119.6919,-4.968
35.01,Pacitan,Jawa Timur,Jawa Timur,35,Jawa,False,70.19,76.2,111.1426,-8.092
35.02,Ponorogo,Jawa Timur,Jawa Timur,35,Jawa,False,72.5,83.71,111.4996,-7.9735
53.16,Nagekeo,Nusa Tenggara Timur,Nusa Tenggara Timur,53,Bali & Nusa Tenggara,False,67.07,18.57,121.2663,-8.6765
35.21,Ngawi,Jawa Timur,Jawa Timur,35,Jawa,False,72.47,121.3,111.3928,-7.4255
33.02,Banyumas,Jawa Tengah,Jawa Tengah,33,Jawa,False,73.86,216.5,109.1153,-7.455
53.18,Sumba Barat Daya,Nusa Tenggara Timur,Nusa Tenggara Timur,53,Bali & Nusa Tenggara,False,63.74,101.4,119.1661,-9.543
13.04,Tanah Datar,Sumatera Barat,Sumatera Barat,13,Sumatera,False,73.98,14.57,100.5785,-0.474
73.12,Soppeng,Sulawesi Selatan,Sulawesi Selatan,73,Sulawesi,False,70.58,17.21,119.9112,-4.3035
12.15,Pakpak Bharat,Sumatera Utara,Sumatera Utara,12,Sumatera,False,69.58,4.01,98.2572,2.521
53.10,Manggarai,Nusa Tenggara Timur,Nusa Tenggara Timur,53,Bali & Nusa Tenggara,False,66.42,70.0,120.442,-8.542
33.05,Kebumen,Jawa Tengah,Jawa Tengah,33,Jawa,False,71.37,195.45,109.6129,-7.64
13.05,Padang Pariaman,Sumatera Barat,Sumatera Barat,13,Sumatera,False,72.61,26.93,100.2768,-0.57
32.10,Majalengka,Jawa Barat,Jawa Barat,32,Jawa,False,69.13,138.74,108.2763,-6.8065
51.08,Buleleng,Bali,Bali,51,Bali & Nusa Tenggara,False,73.97,39.52,114.9813,-8.2185
35.26,Bangkalan,Jawa Timur,Jawa Timur,35,Jawa,False,65.75,196.66,112.8974,-7.0565
35.18,Nganjuk,Jawa Timur,Jawa Timur,35,Jawa,False,73.71,115.86,111.9463,-7.6175
71.02,Minahasa,Sulawesi Utara,Sulawesi Utara,71,Sulawesi,False,76.96,23.86,124.9032,1.241
32.17,Bandung Barat,Jawa Barat,Jawa Barat,32,Jawa,False,69.61,179.43,107.4137,-6.8945
73.26,Toraja Utara,Sulawesi Selatan,Sulawesi Selatan,73,Sulawesi,False,71.23,29.14,119.8433,-2.8815
53.13,Lembata,Nusa Tenggara Timur,Nusa Tenggara Timur,53,Bali & Nusa Tenggara,False,66.12,37.94,123.544,-8.3785
53.14,Rote Ndao,Nusa Tenggara Timur,Nusa Tenggara Timur,53,Bali & Nusa Tenggara,False,64.0,53.55,123.2077,-10.6865
18.09,Pesawaran,Lampung,Lampung,18,Sumatera,False,67.67,59.29,105.0829,-5.466
18.12,Tulang Bawang Barat,Lampung,Lampung,18,Sumatera,False,67.81,20.32,105.1355,-4.4325
35.25,Gresik,Jawa Timur,Jawa Timur,35,Jawa,False,77.98,149.75,112.6623,-5.78
35.03,Trenggalek,Jawa Timur,Jawa Timur,35,Jawa,False,71.73,74.58,111.6573,-8.1215
32.16,Bekasi,Jawa Barat,Jawa Barat,32,Jawa,False,75.76,204.09,107.1635,-6.2095
35.27,Sampang,Jawa Timur,Jawa Timur,35,Jawa,False,64.13,221.71,113.2548,-7.053
12.24,Nias Utara,Sumatera Utara,Sumatera Utara,12,Sumatera,False,64.64,30.78,97.3394,1.309
17.01,Bengkulu Selatan,Bengkulu,Bengkulu,17,Sumatera,False,71.91,31.89,103.004,-4.3695
21.01,Bintan,Kepulauan Riau,Kepulauan Riau,21,Sumatera,False,75.7,9.86,104.5689,1.018
73.11,Barru,Sulawesi Selatan,Sulawesi Selatan,73,Sulawesi,False,72.36,14.88,119.6782,-4.4455
32.08,Kuningan,Jawa Barat,Jawa Barat,32,Jawa,False,70.72,133.88,108.5542,-6.9755
11.75,Kota Subulussalam,Aceh,Aceh,11,Sumatera,True,67.1,13.8,97.9257,2.7575
52.02,Lombok Tengah,Nusa Tenggara Barat,Nusa Tenggara Barat,52,Bali & Nusa Tenggara,False,68.4,129.74,116.2826,-8.682
73.02,Bulukumba,Sulawesi Selatan,Sulawesi Selatan,73,Sulawesi,False,71.21,30.65,120.2429,-5.4585
33.08,Magelang,Jawa Tengah,Jawa Tengah,33,Jawa,False,71.45,144.49,110.2241,-7.5135
35.04,Tulungagung,Jawa Timur,Jawa Timur,35,Jawa,False,74.61,68.81,111.8967,-8.069
33.04,Banjarnegara,Jawa Tengah,Jawa Tengah,33,Jawa,False,69.14,138.99,109.6582,-7.3585
53.04,Belu,Nusa Tenggara Timur,Nusa Tenggara Timur,53,Bali & Nusa Tenggara,False,63.83,33.19,124.9146,-9.1755
33.27,Pemalang,Jawa Tengah,Jawa Tengah,33,Jawa,False,68.03,195.57,109.3883,-7.0155
53.21,Malaka,Nusa Tenggara Timur,Nusa Tenggara Timur,53,Bali & Nusa Tenggara,False,62.06,29.19,124.8778,-9.533
32.18,Pangandaran,Jawa Barat,Jawa Barat,32,Jawa,False,69.38,36.7,108.5592,-7.6435
17.09,Bengkulu Tengah,Bengkulu,Bengkulu,17,Sumatera,False,68.99,11.01,102.3833,-3.6675
35.19,Madiun,Jawa Timur,Jawa Timur,35,Jawa,False,72.97,75.87,111.6708,-7.6145
35.17,Jombang,Jawa Timur,Jawa Timur,35,Jawa,False,74.6,117.36,112.2415,-7.56
33.09,Boyolali,Jawa Tengah,Jawa Tengah,33,Jawa,False,75.41,97.48,110.7033,-7.3865
73.01,Kepulauan Selayar,Sulawesi Selatan,Sulawesi Selatan,73,Sulawesi,False,69.2,16.89,120.9554,-7.2965
33.06,Purworejo,Jawa Tengah,Jawa Tengah,33,Jawa,False,74.28,81.28,109.9659,-7.7045
33.22,Semarang,Jawa Tengah,Jawa Tengah,33,Jawa,False,75.13,78.35,110.4637,-7.289
32.09,Cirebon,Jawa Barat,Jawa Barat,32,Jawa,False,70.95,249.18,108.4554,-6.76
33.17,Rembang,Jawa Tengah,Jawa Tengah,33,Jawa,False,71.89,91.97,111.4568,-6.7675
36.03,Tangerang,Banten,Banten,36,Jawa,False,73.43,276.33,106.4729,-6.1815
33.07,Wonosobo,Jawa Tengah,Jawa Tengah,33,Jawa,False,69.37,123.7,109.9232,-7.398
33.20,Jepara,Jawa Tengah,Jawa Tengah,33,Jawa,False,73.85,86.75,110.782,-6.604
33.24,Kendal,Jawa Tengah,Jawa Tengah,33,Jawa,False,73.86,92.64,110.1328,-7.026
35.16,Mojokerto,Jawa Timur,Jawa Timur,35,Jawa,False,75.53,112.86,112.5051,-7.5395
33.14,Sragen,Jawa Tengah,Jawa Tengah,33,Jawa,False,75.1,114.62,110.962,-7.3805
32.14,Purwakarta,Jawa Barat,Jawa Barat,32,Jawa,False,72.09,81.54,107.4058,-6.5825
71.04,Kepulauan Talaud,Sulawesi Utara,Sulawesi Utara,71,Sulawesi,False,71.14,7.97,126.8102,4.2685
33.28,Tegal,Jawa Tengah,Jawa Tengah,33,Jawa,False,70.23,105.03,109.1482,-7.046
71.06,Minahasa Utara,Sulawesi Utara,Sulawesi Utara,71,Sulawesi,False,75.31,13.66,125.0018,1.517
33.21,Demak,Jawa Tengah,Jawa Tengah,33,Jawa,False,74.07,143.26,110.6498,-6.929
81.02,Maluku Tenggara,Maluku,Maluku,81,Maluku,False,67.57,22.02,132.7223,-5.772
11.18,Pidie Jaya,Aceh,Aceh,11,Sumatera,False,74.8,30.74,96.2134,5.1
52.01,Lombok Barat,Nusa Tenggara Barat,Nusa Tenggara Barat,52,Bali & Nusa Tenggara,False,70.15,102.71,116.1322,-8.6555
63.08,Hulu Sungai Utara,Kalimantan Selatan,Kalimantan Selatan,63,Kalimantan,False,67.66,15.02,115.1589,-2.4225
76.05,Majene,Sulawesi Barat,Sulawesi Barat,76,Sulawesi,False,68.62,25.8,118.8808,-3.2655
33.26,Pekalongan,Jawa Tengah,Jawa Tengah,33,Jawa,False,71.4,87.93,109.6231,-7.038
12.19,Batu Bara,Sumatera Utara,Sumatera Utara,12,Sumatera,False,70.31,49.18,99.511,3.222
21.71,Kota Batam,Kepulauan Riau,Kepulauan Riau,21,Sumatera,True,82.11,83.09,104.0356,1.0885
33.23,Temanggung,Jawa Tengah,Jawa Tengah,33,Jawa,False,71.33,72.96,110.1262,-7.244
73.07,Sinjai,Sulawesi Selatan,Sulawesi Selatan,73,Sulawesi,False,68.92,21.14,120.1527,-5.2015
33.25,Batang,Jawa Tengah,Jawa Tengah,33,Jawa,False,70.2,69.97,109.8769,-7.024
51.02,Tabanan,Bali,Bali,51,Bali & Nusa Tenggara,False,77.43,21.42,115.0699,-8.4405
71.10,Bolaang Mongondow Timur,Sulawesi Utara,Sulawesi Utara,71,Sulawesi,False,67.95,4.32,124.4911,0.71
51.01,Jembrana,Bali,Bali,51,Bali & Nusa Tenggara,False,74.04,14.12,114.6705,-8.321
51.07,Karangasem,Bali,Bali,51,Bali & Nusa Tenggara,False,68.91,27.83,115.5474,-8.3595
91.71,Kota Jayapura,Papua,Papua,91,Papua,True,81.14,32.79,140.8146,-2.674
12.04,Nias,Sumatera Utara,Sumatera Utara,12,Sumatera,False,64.56,21.99,97.7269,1.096
74.14,Buton Tengah,Sulawesi Tenggara,Sulawesi Tenggara,74,Sulawesi,False,65.83,14.46,122.3892,-5.292
73.10,Pangkajene dan Kepulauan,Sulawesi Selatan,Sulawesi Selatan,73,Sulawesi,False,70.59,46.06,119.5894,-4.7535
33.03,Purbalingga,Jawa Tengah,Jawa Tengah,33,Jawa,False,70.24,143.41,109.4006,-7.328
21.02,Karimun,Kepulauan Riau,Kepulauan Riau,21,Sumatera,False,73.51,14.33,103.4211,0.779
52.08,Lombok Utara,Nusa Tenggara Barat,Nusa Tenggara Barat,52,Bali & Nusa Tenggara,False,66.62,60.13,116.3116,-8.342
33.13,Karanganyar,Jawa Tengah,Jawa Tengah,33,Jawa,False,77.31,88.64,111.0697,-7.6505
35.28,Pamekasan,Jawa Timur,Jawa Timur,35,Jawa,False,67.96,126.43,113.4956,-7.0665
73.04,Jeneponto,Sulawesi Selatan,Sulawesi Selatan,73,Sulawesi,False,65.9,48.32,119.6077,-5.5355
74.13,Muna Barat,Sulawesi Tenggara,Sulawesi Tenggara,74,Sulawesi,False,67.13,11.81,122.449,-4.818
53.12,Sumba Barat,Nusa Tenggara Timur,Nusa Tenggara Timur,53,Bali & Nusa Tenggara,False,65.22,37.15,119.4361,-9.595
71.07,Minahasa Tenggara,Sulawesi Utara,Sulawesi Utara,71,Sulawesi,False,71.93,12.7,124.7348,0.995
17.08,Kepahiang,Bengkulu,Bengkulu,17,Sumatera,False,69.6,20.32,102.66,-3.639
35.15,Sidoarjo,Jawa Timur,Jawa Timur,35,Jawa,False,81.55,119.15,112.6585,-7.4535
64.72,Kota Samarinda,Kalimantan Timur,Kalimantan Timur,64,Kalimantan,True,82.32,41.89,117.1582,-0.519
35.20,Magetan,Jawa Timur,Jawa Timur,35,Jawa,False,75.41,62.49,111.3359,-7.654
33.10,Klaten,Jawa Tengah,Jawa Tengah,33,Jawa,False,77.59,144.43,110.6297,-7.6655
74.12,Konawe Kepulauan,Sulawesi Tenggara,Sulawesi Tenggara,74,Sulawesi,False,67.32,5.44,123.0987,-4.109
13.71,Kota Padang,Sumatera Barat,Sumatera Barat,13,Sumatera,True,83.58,41.97,100.4504,-0.931
14.71,Kota Pekanbaru,Riau,Riau,14,Sumatera,True,82.38,37.67,101.482,0.5505
91.19,Supiori,Papua,Papua,91,Papua,False,64.61,7.94,135.6077,-0.7555
16.72,Kota Pagar Alam,Sumatera Selatan,Sumatera Selatan,16,Sumatera,True,70.45,12.73,103.2671,-4.1355
18.10,Pringsewu,Lampung,Lampung,18,Sumatera,False,71.61,37.6,104.9738,-5.3705
72.11,Banggai Laut,Sulawesi Tengah,Sulawesi Tengah,72,Sulawesi,False,66.93,11.27,123.1019,-1.844
34.01,Kulon Progo,Daerah Istimewa Yogyakarta,Daerah Istimewa Yogyakarta,34,Jawa,False,75.79,70.74,110.147,-7.8175
34.04,Sleman,Daerah Istimewa Yogyakarta,Daerah Istimewa Yogyakarta,34,Jawa,False,84.77,97.5,110.3828,-7.6805
61.72,Kota Singkawang,Kalimantan Barat,Kalimantan Barat,61,Kalimantan,True,73.39,11.06,109.0473,0.89
71.03,Kepulauan Sangihe,Sulawesi Utara,Sulawesi Utara,71,Sulawesi,False,72.22,14.6,125.5472,3.556
73.05,Takalar,Sulawesi Selatan,Sulawesi Selatan,73,Sulawesi,False,68.9,25.01,119.4502,-5.449
51.06,Bangli,Bali,Bali,51,Bali & Nusa Tenggara,False,70.79,12.24,115.3688,-8.334
34.02,Bantul,Daerah Istimewa Yogyakarta,Daerah Istimewa Yogyakarta,34,Jawa,False,81.39,128.51,110.3852,-7.8995
64.71,Kota Balikpapan,Kalimantan Timur,Kalimantan Timur,64,Kalimantan,True,81.66,14.99,116.9,-1.158
74.15,Buton Selatan,Sulawesi Tenggara,Sulawesi Tenggara,74,Sulawesi,False,66.15,11.88,122.6893,-5.586
33.11,Sukoharjo,Jawa Tengah,Jawa Tengah,33,Jawa,False,78.65,68.79,110.8677,-7.6635
21.05,Kepulauan Anambas,Kepulauan Riau,Kepulauan Riau,21,Sumatera,False,70.26,3.08,105.7647,2.949
53.20,Sabu Raijua,Nusa Tenggara Timur,Nusa Tenggara Timur,53,Bali & Nusa Tenggara,False,58.89,30.43,121.9021,-10.511
33.19,Kudus,Jawa Tengah,Jawa Tengah,33,Jawa,False,76.71,65.16,110.8691,-6.8
16.74,Kota Prabumulih,Sumatera Selatan,Sumatera Selatan,16,Sumatera,True,76.46,22.33,104.2365,-3.4295
12.25,Nias Barat,Sumatera Utara,Sumatera Utara,12,Sumatera,False,63.7,18.86,97.5001,1.0435
74.07,Wakatobi,Sulawesi Tenggara,Sulawesi Tenggara,74,Sulawesi,False,71.43,15.34,123.5852,-5.3075
51.03,Badung,Bali,Bali,51,Bali & Nusa Tenggara,False,83.08,17.01,115.2014,-8.5455
73.03,Bantaeng,Sulawesi Selatan,Sulawesi Selatan,73,Sulawesi,False,70.57,17.49,119.9854,-5.4615
33.74,Kota Semarang,Jawa Tengah,Jawa Tengah,33,Jawa,True,84.43,80.53,110.3856,-7.022
51.04,Gianyar,Bali,Bali,51,Bali & Nusa Tenggara,False,79.24,23.76,115.2846,-8.484
16.73,Kota Lubuk Linggau,Sumatera Selatan,Sumatera Selatan,16,Sumatera,True,76.19,31.02,102.852,-3.257
15.72,Kota Sungai Penuh,Jambi,Jambi,15,Sumatera,True,76.65,2.66,101.3383,-2.1425
72.71,Kota Palu,Sulawesi Tengah,Sulawesi Tengah,72,Sulawesi,True,82.52,26.83,119.9003,-0.799
16.71,Kota Palembang,Sumatera Selatan,Sumatera Selatan,16,Sumatera,True,80.02,179.45,104.7457,-2.98
35.78,Kota Surabaya,Jawa Timur,Jawa Timur,35,Jawa,True,83.45,136.37,112.7328,-7.2765
71.72,Kota Bitung,Sulawesi Utara,Sulawesi Utara,71,Sulawesi,True,75.11,15.0,125.1549,1.4975
63.72,Kota Banjarbaru,Kalimantan Selatan,Kalimantan Selatan,63,Kalimantan,True,80.11,11.18,114.7851,-3.4735
51.05,Klungkung,Bali,Bali,51,Bali & Nusa Tenggara,False,73.11,10.22,115.5331,-8.7425
74.72,Kota Bau Bau,Sulawesi Tenggara,Sulawesi Tenggara,74,Sulawesi,True,77.52,13.29,122.7021,-5.436
12.78,Kota Gunungsitoli,Sumatera Utara,Sumatera Utara,12,Sumatera,True,70.68,22.03,97.592,1.279
12.71,Kota Medan,Sumatera Utara,Sumatera Utara,12,Sumatera,True,82.19,187.28,98.676,3.642
73.73,Kota Palopo,Sulawesi Selatan,Sulawesi Selatan,73,Sulawesi,True,79.45,14.85,120.125,-2.976
36.73,Kota Serang,Banten,Banten,36,Jawa,True,73.48,44.99,106.1541,-6.1195
74.71,Kota Kendari,Sulawesi Tenggara,Sulawesi Tenggara,74,Sulawesi,True,84.85,19.24,122.529,-3.998
65.71,Kota Tarakan,Kalimantan Utara,Kalimantan Utara,65,Kalimantan,True,77.53,16.49,117.5964,3.354
81.71,Kota Ambon,Maluku,Maluku,81,Maluku,True,82.06,25.87,128.2428,-3.6825
13.73,Kota Sawahlunto,Sumatera Barat,Sumatera Barat,13,Sumatera,True,74.42,1.47,100.7516,-0.657
11.74,Kota Langsa,Aceh,Aceh,11,Sumatera,True,78.36,19.5,97.9769,4.4855
32.75,Kota Bekasi,Jawa Barat,Jawa Barat,32,Jawa,True,83.03,129.4,106.9618,-6.283
52.72,Kota Bima,Nusa Tenggara Barat,Nusa Tenggara Barat,52,Bali & Nusa Tenggara,True,77.36,16.53,118.7994,-8.4365
81.72,Kota Tual,Maluku,Maluku,81,Maluku,True,69.43,16.41,132.3475,-5.5525
71.09,Kep. Siau Tagulandang Biaro,Sulawesi Utara,Sulawesi Utara,71,Sulawesi,False,69.57,5.92,125.4209,2.3475
32.76,Kota Depok,Jawa Barat,Jawa Barat,32,Jawa,True,82.38,61.95,106.8132,-6.384
92.71,Kota Sorong,Papua Barat Daya,Papua Barat,92,Papua,True,79.65,41.61,131.309,-0.862
35.79,Kota Batu,Jawa Timur,Jawa Timur,35,Jawa,True,78.18,7.1,112.531,-7.8475
31.75,Kota Adm. Jakarta Timur,DKI Jakarta,DKI Jakarta,31,Jawa,True,84.13,124.22,106.8796,-6.273
32.78,Kota Tasikmalaya,Jawa Barat,Jawa Barat,32,Jawa,True,74.47,79.37,108.2268,-7.355
18.71,Kota Bandar Lampung,Lampung,Lampung,18,Sumatera,True,78.56,87.08,105.2636,-5.4215
36.71,Kota Tangerang,Banten,Banten,36,Jawa,True,79.46,137.7,106.6342,-6.178
73.71,Kota Makassar,Sulawesi Selatan,Sulawesi Selatan,73,Sulawesi,True,83.52,80.32,119.4652,-5.1365
15.71,Kota Jambi,Jambi,Jambi,15,Sumatera,True,80.15,50.09,103.6089,-1.627
71.73,Kota Tomohon,Sulawesi Utara,Sulawesi Utara,71,Sulawesi,True,78.1,6.24,124.8027,1.3195
32.73,Kota Bandung,Jawa Barat,Jawa Barat,32,Jawa,True,83.04,102.8,107.6289,-6.9045
36.74,Kota Tangerang Selatan,Banten,Banten,36,Jawa,True,82.28,46.31,106.7155,-6.304
36.72,Kota Cilegon,Banten,Banten,36,Jawa,True,74.54,18.2,106.0279,-5.9715
53.71,Kota Kupang,Nusa Tenggara Timur,Nusa Tenggara Timur,53,Bali & Nusa Tenggara,True,80.62,41.2,123.5909,-10.206
64.74,Kota Bontang,Kalimantan Timur,Kalimantan Timur,64,Kalimantan,True,81.56,7.71,117.461,0.113
12.77,Kota Padang Sidempuan,Sumatera Utara,Sumatera Utara,12,Sumatera,True,76.44,16.15,99.2828,1.387
82.71,Kota Ternate,Maluku Utara,Maluku Utara,82,Maluku,True,81.35,8.36,127.3435,0.81
17.71,Kota Bengkulu,Bengkulu,Bengkulu,17,Sumatera,True,81.45,56.1,102.3351,-3.8635
31.74,Kota Adm. Jakarta Selatan,DKI Jakarta,DKI Jakarta,31,Jawa,True,86.07,71.9,106.806,-6.282
71.71,Kota Manado,Sulawesi Utara,Sulawesi Utara,71,Sulawesi,True,80.14,25.17,124.8789,1.5015
31.72,Kota Adm. Jakarta Utara,DKI Jakarta,DKI Jakarta,31,Jawa,True,81.11,125.98,106.9019,-6.136
21.72,Kota Tanjung Pinang,Kepulauan Riau,Kepulauan Riau,21,Sumatera,True,80.23,17.67,104.4944,0.92
32.79,Kota Banjar,Jawa Barat,Jawa Barat,32,Jawa,True,73.08,11.66,108.5551,-7.3845
11.73,Kota Lhokseumawe,Aceh,Aceh,11,Sumatera,True,78.92,23.1,97.1147,5.164
31.73,Kota Adm. Jakarta Barat,DKI Jakarta,DKI Jakarta,31,Jawa,True,83.02,109.49,106.7504,-6.163
11.72,Kota Sabang,Aceh,Aceh,11,Sumatera,True,77.52,5.14,95.3162,5.8405
51.71,Kota Denpasar,Bali,Bali,51,Bali & Nusa Tenggara,True,84.73,27.69,115.2222,-8.659
61.71,Kota Pontianak,Kalimantan Barat,Kalimantan Barat,61,Kalimantan,True,81.03,29.92,109.3264,-0.0325
32.71,Kota Bogor,Jawa Barat,Jawa Barat,32,Jawa,True,77.85,74.95,106.8039,-6.599
35.73,Kota Malang,Jawa Timur,Jawa Timur,35,Jawa,True,83.39,37.78,112.6423,-7.98
71.74,Kota Kotamobagu,Sulawesi Utara,Sulawesi Utara,71,Sulawesi,True,74.43,6.82,124.3158,0.7105
19.71,Kota Pangkal Pinang,Kepulauan Bangka Belitung,Kepulauan Bangka Belitung,19,Sumatera,True,79.93,9.27,106.1064,-2.106
63.71,Kota Banjarmasin,Kalimantan Selatan,Kalimantan Selatan,63,Kalimantan,True,78.5,33.47,114.5996,-3.3255
12.75,Kota Binjai,Sumatera Utara,Sumatera Utara,12,Sumatera,True,77.6,13.85,98.4936,3.597
73.72,Kota Parepare,Sulawesi Selatan,Sulawesi Selatan,73,Sulawesi,True,79.03,7.98,119.6554,-4.0135
12.72,Kota Pematangsiantar,Sumatera Utara,Sumatera Utara,12,Sumatera,True,80.46,18.96,99.0578,2.9525
13.76,Kota Payakumbuh,Sumatera Barat,Sumatera Barat,13,Sumatera,True,79.97,7.88,100.6364,-0.2255
18.72,Kota Metro,Lampung,Lampung,18,Sumatera,True,78.36,12.8,105.3123,-5.115
75.71,Kota Gorontalo,Gorontalo,Gorontalo,75,Sulawesi,True,78.64,12.62,123.0414,0.5385
35.71,Kota Kediri,Jawa Timur,Jawa Timur,35,Jawa,True,80.44,21.03,111.9964,-7.821
13.77,Kota Pariaman,Sumatera Barat,Sumatera Barat,13,Sumatera,True,78.13,3.91,100.1408,-0.608
52.71,Kota Mataram,Nusa Tenggara Barat,Nusa Tenggara Barat,52,Bali & Nusa Tenggara,True,80.09,46.21,116.1155,-8.587
12.74,Kota Tanjung Balai,Sumatera Utara,Sumatera Utara,12,Sumatera,True,70.59,22.45,99.7939,2.979
13.72,Kota Solok,Sumatera Barat,Sumatera Barat,13,Sumatera,True,79.58,2.35,100.6463,-0.7755
11.71,Kota Banda Aceh,Aceh,Aceh,11,Sumatera,True,86.69,19.94,95.333,5.5635
33.73,Kota Salatiga,Jawa Tengah,Jawa Tengah,33,Jawa,True,84.99,9.41,110.4987,-7.333
35.74,Kota Probolinggo,Jawa Timur,Jawa Timur,35,Jawa,True,75.43,15.86,113.2029,-7.7665
32.72,Kota Sukabumi,Jawa Barat,Jawa Barat,32,Jawa,True,76.32,24.96,106.9307,-6.935
31.71,Kota Adm. Jakarta Pusat,DKI Jakarta,DKI Jakarta,31,Jawa,True,82.53,42.78,106.8414,-6.1775
33.72,Kota Surakarta,Jawa Tengah,Jawa Tengah,33,Jawa,True,83.54,43.89,110.8205,-7.5575
33.75,Kota Pekalongan,Jawa Tengah,Jawa Tengah,33,Jawa,True,76.71,21.36,109.6768,-6.895
32.77,Kota Cimahi,Jawa Barat,Jawa Barat,32,Jawa,True,79.46,28.56,107.5445,-6.87
35.75,Kota Pasuruan,Jawa Timur,Jawa Timur,35,Jawa,True,77.17,13.56,112.9097,-7.6445
32.74,Kota Cirebon,Jawa Barat,Jawa Barat,32,Jawa,True,76.46,29.49,108.5511,-6.7495
33.76,Kota Tegal,Jawa Tengah,Jawa Tengah,33,Jawa,True,77.02,19.22,109.1156,-6.873
12.76,Kota Tebing Tinggi,Sumatera Utara,Sumatera Utara,12,Sumatera,True,76.98,16.36,99.1586,3.323
35.77,Kota Madiun,Jawa Timur,Jawa Timur,35,Jawa,True,82.71,8.46,111.5265,-7.622
35.72,Kota Blitar,Jawa Timur,Jawa Timur,35,Jawa,True,80.63,10.61,112.1678,-8.095
34.71,Kota Yogyakarta,Daerah Istimewa Yogyakarta,Daerah Istimewa Yogyakarta,34,Jawa,True,88.28,29.48,110.3726,-7.7975
13.75,Kota Bukittinggi,Sumatera Barat,Sumatera Barat,13,Sumatera,True,81.78,5.78,100.3766,-0.3025
13.74,Kota Padang Panjang,Sumatera Barat,Sumatera Barat,13,Sumatera,True,79.26,2.99,100.4027,-0.4695
35.76,Kota Mojokerto,Jawa Timur,Jawa Timur,35,Jawa,True,80.07,7.65,112.4379,-7.471
33.71,Kota Magelang,Jawa Tengah,Jawa Tengah,33,Jawa,True,81.17,7.45,110.2179,-7.478
12.73,Kota Sibolga,Sumatera Utara,Sumatera Utara,12,Sumatera,True,75.2,10.02,98.791,1.738
31.01,Adm. Kep. Seribu,DKI Jakarta,DKI Jakarta,31,Jawa,False,73.39,3.47,106.4967,-5.798
