kode_prov,provinsi,pulau,klaster,p0,gini,uhh,hls,rls,pengeluaran,tpt,tpak,pc1,pc2,pc3
11,Aceh,Sumatera,2,14.45,0.296,73.06,14.38,9.55,10334.0,6.03,64.77,0.7423169178129708,-1.6477678587179938,1.7646745724927928
12,Sumatera Utara,Sumatera,2,8.15,0.309,73.67,13.48,9.82,11049.0,5.89,71.06,0.8485639595209734,-0.5216015189278645,0.09124684485121883
13,Sumatera Barat,Sumatera,2,5.95,0.28,74.14,14.11,9.28,11380.0,5.94,69.61,1.2397178108551332,-0.8525100749847061,0.13760176912602265
14,Riau,Sumatera,2,6.68,0.324,74.18,13.3,9.32,11448.0,4.23,64.45,1.0262809059414366,-0.8125318276398542,-0.17088183568869075
15,Jambi,Sumatera,2,7.58,0.343,73.84,13.13,8.81,11160.0,4.53,68.75,0.24053788125046188,-0.09246756344353028,-0.4929696258183578
16,Sumatera Selatan,Sumatera,2,11.78,0.338,74.04,12.63,8.5,11472.0,4.11,70.72,-0.5692851803979208,0.24101725020694983,-0.9556902740913109
17,Bengkulu,Sumatera,3,14.04,0.333,73.11,13.74,9.03,11172.0,3.42,70.91,-0.6676020145910865,0.4365096449318914,0.6190520677464253
18,Lampung,Sumatera,2,11.11,0.324,74.17,12.77,8.29,10769.0,4.23,70.04,-0.5966563425217114,-0.1419695513686356,-0.9690045209301406
19,Bangka Belitung,Sumatera,2,4.52,0.245,73.9,12.31,8.25,13589.0,4.56,68.34,0.47472351896732135,-1.1525230723101794,-2.383751502129181
21,Kepulauan Riau,Sumatera,2,5.69,0.34,74.9,13.05,10.41,14998.0,6.8,68.68,2.708675817567877,0.014617152550085909,-0.42211680111037153
31,DKI Jakarta,Jawa,1,4.44,0.431,75.81,13.33,11.45,19373.0,6.53,65.21,4.703264619933404,1.6251598502066935,0.36351202623275397
32,Jawa Barat,Jawa,2,7.62,0.425,74.91,12.68,8.83,11695.0,7.44,66.49,1.4588724666848525,0.033305471411882406,-0.4760048686241869
33,Jawa Tengah,Jawa,2,10.77,0.369,74.69,12.85,8.01,11835.0,5.13,71.72,-0.25095461293884197,0.7554090914985421,-0.9984322012936531
34,DI Yogyakarta,Jawa,1,11.04,0.449,75.18,15.66,9.83,14924.0,3.69,74.08,1.5271859966398644,3.647780983586794,2.4078407769961427
35,Jawa Timur,Jawa,2,10.35,0.387,74.87,13.38,8.11,12421.0,4.88,72.56,8.74917339599125e-05,1.4144113731424448,-0.5084674611608384
36,Banten,Jawa,2,6.17,0.368,74.77,13.09,9.15,12601.0,7.52,64.44,2.1565367634241,-0.8166989287012074,-0.28555418586131853
51,Bali,Bali & Nusa Tenggara,1,4.25,0.362,74.88,13.58,9.45,14382.0,2.69,77.08,0.6083352817109837,2.6276597039763328,-0.8485404065524919
52,Nusa Tenggara Barat,Bali & Nusa Tenggara,3,13.85,0.375,72.02,13.97,7.74,11095.0,2.8,73.31,-1.8230188340139983,1.4578499444679363,0.5803073511729663
53,Nusa Tenggara Timur,Bali & Nusa Tenggara,3,19.96,0.325,71.57,13.22,7.82,8248.0,3.14,75.72,-3.285004079712427,0.38316096536181615,0.26451290786663023
61,Kalimantan Barat,Kalimantan,2,6.71,0.321,73.71,12.67,7.71,9810.0,5.05,69.42,-0.5616317840448076,-0.7110171852468368,-1.4582549881039797
62,Kalimantan Tengah,Kalimantan,2,5.11,0.317,73.54,12.76,8.73,11878.0,4.1,67.18,0.386371359389956,-0.5561005014622267,-1.1433999483739348
63,Kalimantan Selatan,Kalimantan,2,4.29,0.313,73.97,12.86,8.55,12953.0,4.31,69.76,0.5268836620080806,0.004290944181786089,-1.4628344962015571
64,Kalimantan Timur,Kalimantan,2,6.11,0.322,74.72,14.02,9.99,13202.0,5.31,65.57,2.230300731552838,-0.4281857995411073,0.5228294245277912
65,Kalimantan Utara,Kalimantan,2,6.45,0.277,73.54,13.2,9.34,9734.0,4.01,70.35,-0.0366405497264898,-0.8754746665648045,-0.6109924277396981
71,Sulawesi Utara,Sulawesi,2,7.38,0.37,73.85,12.96,9.77,11497.0,6.1,64.09,1.5611792265588023,-0.859079384430949,0.12049802290170573
72,Sulawesi Tengah,Sulawesi,3,12.41,0.304,70.66,13.33,8.96,10149.0,2.95,69.85,-1.4792586251552633,-0.5582055310663433,0.4339374443918917
73,Sulawesi Selatan,Sulawesi,2,8.7,0.377,73.63,13.54,8.76,11841.0,4.33,65.66,0.5492053081082574,0.11794534008193294,0.28906824908906337
74,Sulawesi Tenggara,Sulawesi,3,11.43,0.371,71.79,13.7,9.31,10117.0,3.15,70.07,-0.8112239611741905,0.48578482938891093,0.995884139128823
75,Gorontalo,Sulawesi,3,15.15,0.417,70.5,13.16,8.1,11069.0,3.06,70.79,-2.027809394211272,1.1685746581525465,0.6595700590158562
76,Sulawesi Barat,Sulawesi,3,11.49,0.351,70.76,12.88,8.13,9718.0,2.27,71.05,-2.241202101632791,0.2680762943694873,-0.24086348503461538
81,Maluku,Maluku,2,16.42,0.288,70.45,14.08,10.2,9278.0,6.31,63.6,0.178240174102671,-2.596029885635822,2.431466509010035
82,Maluku Utara,Maluku,2,6.46,0.3,70.76,13.74,9.26,8834.0,4.31,67.77,-0.42711773284032445,-1.4209960475650976,0.6735499310573656
92,Papua Barat,Papua,3,20.49,0.37,68.51,13.34,7.93,8404.0,5.38,67.24,-2.5814474979356925,-1.1977405670147794,1.7371226692902322
91,Papua,Papua,3,26.03,0.386,68.17,11.15,7.15,7562.0,2.67,77.2,-5.808427182867211,0.5593464671059152,-0.6649157361832818
