kode_prov,provinsi,nama_geo,p0,p0_desa,p0_kota,gini,gini_desa,gini_kota,uhh,hls,rls,pengeluaran,tpt_feb,tpt_agu,tpak_feb,tpak_agu
11,Aceh,Aceh,14.45,9.79,16.92,0.296,0.265,0.318,73.06,14.38,9.55,10334.0,5.75,6.03,65.12,64.77
12,Sumatera Utara,Sumatera Utara,8.15,8.23,8.03,0.309,0.242,0.34,73.67,13.48,9.82,11049.0,5.24,5.89,70.6,71.06
13,Sumatera Barat,Sumatera Barat,5.95,4.67,7.23,0.28,0.232,0.305,74.14,14.11,9.28,11380.0,5.9,5.94,69.96,69.61
14,Riau,Riau,6.68,6.73,6.65,0.324,0.274,0.369,74.18,13.3,9.32,11448.0,4.25,4.23,65.18,64.45
15,Jambi,Jambi,7.58,10.19,6.28,0.343,0.32,0.365,73.84,13.13,8.81,11160.0,4.5,4.53,67.88,68.75
16,Sumatera Selatan,Sumatera Selatan,11.78,11.07,12.21,0.338,0.305,0.36,74.04,12.63,8.5,11472.0,4.53,4.11,69.73,70.72
17,Bengkulu,Bengkulu,14.04,14.21,13.96,0.333,0.283,0.386,73.11,13.74,9.03,11172.0,3.21,3.42,72.72,70.91
18,Lampung,Lampung,11.11,8.02,12.65,0.324,0.287,0.359,74.17,12.77,8.29,10769.0,4.18,4.23,72.07,70.04
19,Bangka Belitung,Kepulauan Bangka Belitung,4.52,3.54,5.85,0.245,0.202,0.265,73.9,12.31,8.25,13589.0,3.89,4.56,70.33,68.34
21,Kepulauan Riau,Kepulauan Riau,5.69,5.05,10.69,0.34,0.248,0.339,74.9,13.05,10.41,14998.0,7.61,6.8,67.29,68.68
31,DKI Jakarta,DKI Jakarta,4.44,4.44,,0.431,,0.431,75.81,13.33,11.45,19373.0,7.57,6.53,63.07,65.21
32,Jawa Barat,Jawa Barat,7.62,7.19,9.3,0.425,0.321,0.439,74.91,12.68,8.83,11695.0,7.89,7.44,66.75,66.49
33,Jawa Tengah,Jawa Tengah,10.77,9.78,11.87,0.369,0.318,0.399,74.69,12.85,8.01,11835.0,5.24,5.13,72.33,71.72
34,DI Yogyakarta,Daerah Istimewa Yogyakarta,11.04,10.27,13.36,0.449,0.362,0.453,75.18,15.66,9.83,14924.0,3.58,3.69,73.43,74.08
35,Jawa Timur,Jawa Timur,10.35,7.5,13.98,0.387,0.337,0.404,74.87,13.38,8.11,12421.0,4.33,4.88,71.5,72.56
36,Banten,Banten,6.17,6.0,6.79,0.368,0.256,0.372,74.77,13.09,9.15,12601.0,7.97,7.52,65.94,64.44
51,Bali,Bali,4.25,3.77,5.5,0.362,0.29,0.367,74.88,13.58,9.45,14382.0,3.73,2.69,77.19,77.08
52,Nusa Tenggara Barat,Nusa Tenggara Barat,13.85,13.76,13.95,0.375,0.334,0.402,72.02,13.97,7.74,11095.0,3.73,2.8,71.16,73.31
53,Nusa Tenggara Timur,Nusa Tenggara Timur,19.96,9.12,23.76,0.325,0.307,0.299,71.57,13.22,7.82,8248.0,3.1,3.14,74.51,75.72
61,Kalimantan Barat,Kalimantan Barat,6.71,4.44,8.07,0.321,0.273,0.348,73.71,12.67,7.71,9810.0,4.52,5.05,68.45,69.42
62,Kalimantan Tengah,Kalimantan Tengah,5.11,4.78,5.35,0.317,0.298,0.335,73.54,12.76,8.73,11878.0,3.84,4.1,68.76,67.18
63,Kalimantan Selatan,Kalimantan Selatan,4.29,3.84,4.72,0.313,0.259,0.345,73.97,12.86,8.55,12953.0,3.95,4.31,69.53,69.76
64,Kalimantan Timur,Kalimantan Timur,6.11,4.68,9.28,0.322,0.292,0.328,74.72,14.02,9.99,13202.0,6.37,5.31,65.66,65.57
65,Kalimantan Utara,Kalimantan Utara,6.45,5.18,8.74,0.277,0.27,0.274,73.54,13.2,9.34,9734.0,4.1,4.01,67.03,70.35
71,Sulawesi Utara,Sulawesi Utara,7.38,4.91,10.38,0.37,0.345,0.377,73.85,12.96,9.77,11497.0,6.19,6.1,63.31,64.09
72,Sulawesi Tengah,Sulawesi Tengah,12.41,8.9,14.09,0.304,0.265,0.344,70.66,13.33,8.96,10149.0,3.49,2.95,70.19,69.85
73,Sulawesi Selatan,Sulawesi Selatan,8.7,5.01,11.91,0.377,0.339,0.386,73.63,13.54,8.76,11841.0,5.26,4.33,64.37,65.66
74,Sulawesi Tenggara,Sulawesi Tenggara,11.43,7.4,13.94,0.371,0.338,0.393,71.79,13.7,9.31,10117.0,3.66,3.15,67.55,70.07
75,Gorontalo,Gorontalo,15.15,4.47,23.73,0.417,0.403,0.403,70.5,13.16,8.1,11069.0,3.07,3.06,70.59,70.79
76,Sulawesi Barat,Sulawesi Barat,11.49,9.08,12.1,0.351,0.308,0.452,70.76,12.88,8.13,9718.0,3.04,2.27,67.62,71.05
81,Maluku,Maluku,16.42,5.49,24.64,0.288,0.247,0.288,70.45,14.08,10.2,9278.0,6.08,6.31,63.82,63.6
82,Maluku Utara,Maluku Utara,6.46,6.23,6.55,0.3,0.269,0.326,70.76,13.74,9.26,8834.0,4.6,4.31,66.52,67.77
92,Papua Barat,Papua Barat,20.49,8.23,29.2,0.37,0.418,0.282,68.51,13.34,7.93,8404.0,5.53,5.38,69.36,67.24
91,Papua,Papua,26.03,5.68,34.49,0.386,0.403,0.3,68.17,11.15,7.15,7562.0,3.49,2.67,76.79,77.2
