provinsi,p0,gini,uhh,hls,rls,pengeluaran,tpt,tpak
Aceh,0.8539510948087949,-1.0470285565581348,-0.034647237174060444,1.4921465819107447,0.6927342319988661,-0.5091513312681134,1.01297229346941,-1.2891801847976057
Sumatera Utara,-0.3797194016371741,-0.7653568450555809,0.2875876054223019,0.2537499069319341,0.9932682702668035,-0.18878200648157673,0.9128321456622572,0.48543409378643526
Sumatera Barat,-0.8105249718246554,-1.3937014322535843,0.5358669103735971,1.1206275794171,0.3922001937309267,-0.040471172209767425,0.9485964841648122,0.07634177201427918
Riau,-0.6675758508079004,-0.4403510240910957,0.5569970639864766,0.00607057193617245,0.4367237549558074,-0.01000248118111778,-0.2745438926225496,-1.3794626282231828
Jambi,-0.49133720845847617,-0.028676984202747842,0.3773907582770268,-0.22784880000426935,-0.1309516506614084,-0.13904634906716332,-0.059957861607223085,-0.1662922946919645
Sumatera Selatan,0.33110978917216993,-0.13701225785757623,0.4830415263414095,-0.915846952770275,-0.4760092501542265,0.0007511744760526841,-0.36037830502868035,0.3895089976467565
Bengkulu,0.7736646021829462,-0.24534753151240463,-0.008234545157966646,0.6115089463702568,0.11392793607542862,-0.1336695212385781,-0.8539261763639319,0.44311419843069344
Lampung,0.1999099109787097,-0.4403510240910957,0.5517145255832548,-0.7232074699957951,-0.7097579465848458,-0.3142413224818988,-0.2745438926225496,0.19765880536740302
Bangka Belitung,-1.0905485924465184,-2.152048347837383,0.4090859886963424,-1.356165770540519,-0.7542815078097246,0.9493132172356306,-0.03849925850569088,-0.28196667533098674
Kepulauan Riau,-0.8614383573922668,-0.09367814839564488,0.9373398290182483,-0.33792850444683037,1.6499907983337787,1.5806424181086798,1.5637431064087481,-0.18604157919130798
DKI Jakarta,-1.1062142495442449,1.8780238321222293,1.4180508237111809,0.047350461102131904,2.80760339018065,3.540944230613712,1.3706156784949546,-1.165041825087435
Jawa Barat,-0.4835043799096128,1.7480215037364353,0.9426223674214625,-0.8470471374936759,-0.10868987004896903,0.1006705582905949,2.0215266392414453,-0.8039120513851182
Jawa Tengah,0.1333308683133717,0.5346664388023585,0.8264065225506438,-0.6131277655532341,-1.0214228751590029,0.16340021629075593,0.36921420042342995,0.6716416333516911
DI Yogyakarta,0.18620246101819887,2.2680308172796115,1.0852509043083827,3.253421852991718,1.0043991605730231,1.5474853131657376,-0.6607987484501379,1.3374746536153368
Jawa Timur,0.05108616855030709,0.9246734239597407,0.9214922138085906,0.11615027637873344,-0.9101139720968041,0.4259686419200014,0.19039250791065773,0.9086330473438372
Banten,-0.7674444148059074,0.5129993840713929,0.8686668297763954,-0.2828886522255511,0.2474986197500688,0.5066210593487799,2.078749580845532,-1.3822839545802335
Bali,-1.1434201851513457,0.38299705568559883,0.9267747522118048,0.39134953748513474,0.5814253289366652,1.3046319229079713,-1.3760855185012266,2.183872560730141
Nusa Tenggara Barat,0.7364586665758456,0.6646687671881526,-0.5840312311088459,0.9279880966426199,-1.3219569134269404,-0.16817083313866665,-1.297403973795607,1.1202325241225384
Nusa Tenggara Timur,1.9329232274147146,-0.41868396936013,-0.8217454592537051,-0.10400913250638855,-1.232909790977181,-1.4438232354705127,-1.0542064719782367,1.8001721761714298
Kalimantan Barat,-0.6617012293962529,-0.5053521882839928,0.3087177590351739,-0.8608071005489957,-1.3553495843456005,-0.7439394797830019,0.31199125881934275,0.022736571230342232
Kalimantan Tengah,-0.9750143713507847,-0.5920204072078554,0.21891460618045652,-0.7369674330511149,-0.21999877311116786,0.18266718267651968,-0.3675311727291917,-0.60924053274871
Kalimantan Selatan,-1.1355873566024823,-0.6786886261317182,0.4460637575188722,-0.5993678024979142,-0.42035479862312614,0.6643413423206133,-0.21732095101846308,0.11866166737002098
Kalimantan Timur,-0.7791936576292022,-0.48368513355302706,0.8422541377603017,0.996787911919219,1.182493405472542,0.7759105197637569,0.4979658190326257,-1.0634740762336587
Kalimantan Utara,-0.7126146149638642,-1.4587025964464815,0.21891460618045652,-0.13152905861703063,0.4589855355682467,-0.777992722697375,-0.4319069820337896,0.2851199224359294
Sulawesi Utara,-0.5305013512027926,0.5563334935333243,0.3826732966802411,-0.4617681719447112,0.937613818735703,0.011952899118938582,1.0630423673729859,-1.481030377076959
Sulawesi Tengah,0.454476838816767,-0.8736921187104093,-1.3024564539466377,0.047350461102131904,0.03601170393189082,-0.5920440936254691,-1.1901109582879434,0.14405360458346206
Sulawesi Selatan,-0.272018009090304,0.708002876650084,0.2664574518094224,0.336309685263853,-0.1866061021925088,0.16608863020504855,-0.20301521561744099,-1.0380821390202135
Sulawesi Tenggara,0.2625725393696161,0.5780005482642899,-0.7055296143828789,0.5564690941489749,0.4255928646495877,-0.606382301168363,-1.0470536042777259,0.20612278443854737
Gorontalo,0.9910255944139029,1.57468506588871,-1.3869770683981408,-0.1865689108383099,-0.9212448624030238,-0.179820626767268,-1.1114294135823237,0.409258282146104
Sulawesi Barat,0.27432178219291115,0.14465945364497637,-1.2496310699144426,-0.5718478763872722,-0.8878521914843628,-0.7851618264688219,-1.6765059619226839,0.48261276742938447
Maluku,1.2397179008403127,-1.22036499440586,-1.4133897604142347,1.0793476902511403,1.4162421019031595,-0.9823121801836138,1.2132525890837145,-1.6192753685723777
Maluku Utara,-0.7106564078266485,-0.960360337634272,-1.2496310699144426,0.6115089463702568,0.3699384131184873,-1.1812548098412674,-0.21732095101846308,-0.4427822776828016
Papua Barat,2.0367082056871526,0.5563334935333243,-2.438202210638731,0.06111042415745173,-1.1104699976087624,-1.3739244736989047,0.5480358929362021,-0.5923125746064173
Papua,3.12155495970472,0.9030063692287751,-2.617808516348181,-2.9523214849576522,-1.9786794414939155,-1.7511985596713018,-1.3903912539022485,2.2177284770147345
